<Defs>

    <WorkGiverDef>
        <defName>DoBillsCarpentersTable</defName>
        <label>do carpentry</label>
        <giverClass>WorkGiver_DoBill</giverClass>
        <workType>Construction</workType>
        <priorityInType>55</priorityInType>
        <fixedBillGiverDefs>
            <li>TableCarpenter</li>
        </fixedBillGiverDefs>
        <verb>do carpentry</verb>
        <gerund>doing carpentry at</gerund>
        <requiredCapacities>
            <li>Manipulation</li>
        </requiredCapacities>
        <prioritizeSustains>true</prioritizeSustains>
    </WorkGiverDef>

</Defs>